{
    "Age": 64.81308411214954,
    "Segment": 62.03738317757009,
    "Hb": 12.317757009345794,
    "PLATELET": 235.42990654205607,
    "Serum_WBC_": 7.046728971962617,
    "P_T": 9.77570093457944,
    "APTT": 28.02803738317757,
    "Total_CCI": 0.32710280373831774,
    "Total_Elixhauser_Groups_per_record": 0.6822429906542056,
    "Surgery": 0.9345794392523364,
    "ASA_2": 0.6822429906542056
}