{
    "Age": 62.18421052631579,
    "Segment": 73.3157894736842,
    "Hb": 10.875,
    "PLATELET": 299.2894736842105,
    "Serum_WBC_": 10.361842105263158,
    "P_T": 11.177631578947368,
    "APTT": 32.125,
    "Total_CCI": 0.5657894736842105,
    "Total_Elixhauser_Groups_per_record": 0.875,
    "Surgery": 0.6578947368421053,
    "ASA_2": 0.42105263157894735
}