{
    "Age": 60.94736842105263,
    "Segment": 72.54605263157895,
    "Hb": 10.894736842105264,
    "PLATELET": 300.4144736842105,
    "Serum_WBC_": 10.157894736842104,
    "P_T": 11.25,
    "APTT": 32.36184210526316,
    "Total_CCI": 0.5855263157894737,
    "Total_Elixhauser_Groups_per_record": 0.9013157894736842,
    "Surgery": 0.6842105263157895,
    "ASA_2": 0.3815789473684211
}