{
    "Age": 65.20560747663552,
    "Segment": 62.39252336448598,
    "Hb": 12.242990654205608,
    "PLATELET": 231.66355140186917,
    "Serum_WBC_": 7.009345794392523,
    "P_T": 9.785046728971963,
    "APTT": 28.065420560747665,
    "Total_CCI": 0.38317757009345793,
    "Total_Elixhauser_Groups_per_record": 0.6822429906542056,
    "Surgery": 0.9158878504672897,
    "ASA_2": 0.6448598130841121
}